"","CBSA","TotalPeople","TotalTech","MedianAge","PercentHighSchool","PercentCollege","PercentPostGrad","MedianIncome","PercentFemale","PercentBornOutOfState","PercentImmigrant","Percent18to35","PercentTech","MedianRent","MedianHouseValue","DiversityIndex"
"1","Abilene, TX",135683,1311,31,0.664239440460485,0.146422175217234,0.04604851013023,20000,0.514670223977949,0.3517537200681,0.0883751096305359,0.294952204771416,0.966222739768431,610,112838.645418327,0.520819961705285
"2","Akron, OH",704634,10835,40,0.717353973836062,0.218240959136232,0.0776474027651235,22800,0.512847804675903,0.24749728227704,0.0600964472335993,0.240106211167784,1.53767771637474,600,140000,0.333425336014444
"3","Albany-Schenectady-Troy, NY",849702,11854,39,0.7302983869639,0.266408693871498,0.114699035661914,28000,0.507775667233924,0.23424329941556,0.0869410687511622,0.252013058695872,1.39507733299439,800,2e+05,0.347330282927353
"4","Albuquerque, NM",139452,1082,39,0.667297708171988,0.196497719645469,0.0792745891059289,20064.2105263158,0.505500100392967,0.492441843788544,0.0693858818805037,0.204235149011846,0.775894214496744,873.01724137931,180000,0.638809834790903
"5","Allentown-Bethlehem-Easton, PA-NJ",106894,2107,43,0.696222425954684,0.248236570808464,0.0708084644601194,26300,0.514687447377776,0.371929200890602,0.108434523920894,0.192377495462795,1.9711115684697,930,250000,0.307297171127508
"6","Amarillo, TX",251850,2052,34,0.626829461981338,0.16011911852293,0.0463053404804447,21000,0.494997022036927,0.316847329759778,0.10381179273377,0.264931506849315,0.814770696843359,650,125000,0.55576216968032
"7","Anchorage, AK",299286,3188,31,0.680629899160001,0.234297628355486,0.0899741384495098,30210.0806451613,0.487092613754068,0.628833289896621,0.14161704857561,0.320566281082309,1.06520184706268,1200,3e+05,0.606657347245232
"8","Ann Arbor, MI",358039,8491,33,0.768829652635607,0.385930024382819,0.168110177941509,25000,0.505721443753334,0.384519563511238,0.133834582266178,0.343348071020196,2.37152935853357,870,230000,0.483265315675841
"9","Anniston-Oxford-Jacksonville, AL",115497,796,40,0.64353186662857,0.1188515719023,0.0438020035152428,17100,0.525996346225443,0.281219425612786,0.0416634198290865,0.244664363576543,0.689195390356459,500,100573.770491803,0.436462245490749
"10","Appleton, WI",183326,1658,37,0.721283396790417,0.222117975628116,0.0554367629250625,28000,0.500196371491223,0.192100411289179,0.0465727720017892,0.246009840393616,0.904399812356131,620,150000,0.233504715917715
"11","Asheville, NC",253347,2104,41,0.732335492427382,0.272416882773429,0.103273376041556,20000,0.520365348711451,0.451475644077096,0.0758524869053117,0.234318938057289,0.830481513497298,700,2e+05,0.295331276590012
"12","Ashtabula, OH",98243,209,42,0.65813340390664,0.0931771220341398,0.0301191942428468,20000,0.501348696599249,0.214376596805879,0.0175381452113637,0.205368321407123,0.212737803202264,500,1e+05,0.183331905501778
"13","Athens-Clarke County, GA",123481,1729,26,0.722135389250168,0.27382350321102,0.126966901790559,10400,0.52606473870474,0.397121824410233,0.111401754116018,0.457900405730436,1.40021541775658,600,150000,0.601868376601282
"14","Atlanta-Sandy Springs-Roswell, GA",3335670,64027,36,0.64849100780353,0.235012456268156,0.0783899486459992,23000,0.512819313661124,0.554979359469012,0.170792074755596,0.234583157206798,1.91946445541675,820,180000,0.638392333869244
"15","Auburn-Opelika, AL",157327,998,31,0.731254012343717,0.215531981160259,0.0849059601975503,18063.3027522936,0.518499685368691,0.479364635440833,0.0681256237009541,0.351992982768374,0.634347569075874,640,168066.666666667,0.493026179607041
"16","Augusta-Richmond County, GA-SC",345789,2534,34,0.654057821388188,0.181642562371851,0.0665984169536914,19200,0.513911662892689,0.465419663436373,0.0668124202909867,0.273924271737967,0.732816833386834,680,135000,0.596697015110951
"17","Augusta-Waterville, ME",120138,1867,45,0.751993540761458,0.2071284689274,0.0693619004811134,24490.2877697842,0.513601025487356,0.27395162230102,0.0236977475902712,0.210874161381078,1.55404618022607,600,145000,0.102928221883761
"18","Austin-Round Rock, TX",1881313,68831,34,0.684594216911274,0.302374458689224,0.101011368124283,27200,0.499366665727606,0.466016553332699,0.170214632014981,0.293114968110038,3.65866817483322,950,240000,0.609034810901885
"19","Bakersfield, CA",880536,4837,31,0.5331866045227,0.0990317261304478,0.0323836844830876,15600,0.489741475646652,0.342803701381886,0.210956735442957,0.273997883107562,0.54932450234857,750,190000,0.596998236067689
"20","Baltimore-Columbia-Towson, MD",2748731,67885,37,0.707501752626939,0.277055848680718,0.116765518342828,28400,0.518992218591052,0.400982125933749,0.119733433355246,0.251906788987355,2.4696851019616,1000,275000,0.585173467952005
"21","Bangor, ME",152919,983,40,0.720459851293822,0.186477808513004,0.0678921520543556,17400,0.505842962614194,0.29484890693766,0.0305390435459295,0.256998803288015,0.642823978707682,680,130000,0.11981288273823
"22","Baton Rouge, LA",565369,6633,33,0.686611752678339,0.216706257329284,0.0728586109249004,21500.6,0.520702408515501,0.225173293901859,0.0585405283982673,0.296431180344165,1.17321607658007,720,180000,0.579078756147253
"23","Beaumont-Port Arthur, TX",255009,793,35,0.638208847530871,0.138842158512053,0.040704445725445,17300,0.487186726742978,0.334517605260991,0.130767933680772,0.271139449980197,0.310969416765683,650,1e+05,0.671942351467581
"24","Bellingham, WA",211766,1334,36,0.74115769292521,0.233795793470151,0.0800081221725867,22000,0.511134931953194,0.462000509996883,0.115301795377917,0.300303164813993,0.629940594807476,837.177419354839,293316.929133858,0.354148685792189
"25","Bend-Redmond, OR",175351,1846,42,0.745259508072381,0.289687540989216,0.10507496392949,25000,0.503384639950727,0.586543561200107,0.0598456809484976,0.200409464445598,1.052745635896,881.895833333333,3e+05,0.223360474822342
"26","Birmingham-Hoover, AL",868795,11499,37,0.69012482806646,0.237671717723974,0.0826132747080727,22100,0.52287018226394,0.276230871494426,0.0477730649923169,0.237164118117623,1.32355734091472,600,165000,0.544314402438198
"27","Bloomington, IL",173828,6648,33,0.747928987274777,0.2925535586902,0.0986549922912304,25000,0.511373311549348,0.257570702073314,0.059944312768944,0.325856593874405,3.82447016591113,700,165000,0.347238822706387
"28","Bloomington, IN",144444,2227,28,0.79240397662762,0.284366259588491,0.120808064024812,14000,0.506272326991775,0.419096674143613,0.0913295117831132,0.435545955526017,1.54177397468915,700,160000,0.290735879490234
"29","Boston-Cambridge-Newton, MA-NH",778589,15003,32,0.713317295774793,0.32269913908365,0.127999496525124,23489.010989011,0.518653615707389,0.549867773626393,0.332758361600279,0.384826911245856,1.92694733678488,1300,4e+05,0.695018173389648
"30","Bowling Green, KY",123114,543,33,0.697954741134233,0.211787449030979,0.081566678038241,18100,0.515773998083077,0.380574102051757,0.093718017447244,0.320978930097308,0.441054632292022,550,141038.095238095,0.352060294779405
"31","Bremerton-Silverdale, WA",259749,3155,39,0.746401333595125,0.21515770994306,0.0735402253714162,25500,0.489029794147427,0.561095519135781,0.0791032881743529,0.254072200470454,1.21463412756161,910,250000,0.39022173370301
"32","Bridgeport-Stamford-Norwalk, CT",947268,13252,40,0.688385968912705,0.331466913270584,0.139090521373043,28556.25,0.511663014057268,0.55943513345748,0.248982336572121,0.21869629291816,1.39897051309661,1200,4e+05,0.558297911777397
"33","Brownsville-Harlingen, TX",422224,469,31,0.475245367387927,0.0917996134753117,0.0240062147106749,12000,0.517365190041305,0.31888997309485,0.244043446132858,0.242120296335594,0.111078479669559,500,80000,0.199844024285006
"34","Buffalo-Cheektowaga-Niagara Falls, NY",1135415,12331,40,0.722288326294791,0.22750536147576,0.095807259900565,24300,0.514964132057442,0.181970468947477,0.0806964854260337,0.242821347260693,1.0860346217022,600,135000,0.378780458847855
"35","Burlington, NC",157842,1250,39,0.642129471243395,0.15644125137796,0.0386399057285133,19400,0.528395484091687,0.334416695176189,0.0815562397840879,0.235292254279596,0.791931171678007,580,144105.802047782,0.529856798866716
"36","Cape Coral-Fort Myers, FL",701529,6261,47,0.700445740660757,0.197462970169444,0.0787137808985801,20000,0.513854737295251,0.725451121764033,0.183750065927424,0.19191081195503,0.892479141988428,838.665540540541,180000,0.482018518365168
"37","Cedar Rapids, IA",220052,6407,37,0.728518713758566,0.221229527566212,0.0675294930289204,27874.6913580247,0.509143293403377,0.262710632032429,0.0463663134168288,0.248941159362333,2.91158453456456,550,145000,0.229207713093941
"38","Champaign-Urbana, IL",208363,4447,29,0.771293367824422,0.28697993405739,0.144637003690674,18000,0.505032083431319,0.35812980231615,0.145193724413644,0.395439689388231,2.13425608193393,700,150000,0.505983654938858
"39","Charlotte-Concord-Gastonia, NC-SC",1637488,33429,36,0.670060482885981,0.25682264541786,0.0849416911757521,23000,0.518846550325865,0.532176724348514,0.12314349784548,0.25812341830902,2.04148060932355,750,170000,0.593131394681578
"40","Chattanooga, TN-GA",354598,4614,39,0.688207491300007,0.22920039030113,0.0858577882559969,21265.1960784314,0.520428767223729,0.41190023632395,0.0568361919694979,0.245757167271107,1.30119177209121,600,160000,0.450579917337747
"41","Chicago-Naperville-Elgin, IL-IN-WI",9328552,155428,37,0.672467495491262,0.257386248155126,0.09632534609873,24000,0.510892901706503,0.370381169553431,0.195026945232229,0.250704718159903,1.66615354665976,880,215000,0.640723505881175
"42","Chico, CA",225508,2554,37,0.718542135977438,0.184436915763521,0.0557984639125885,16000,0.504469907941182,0.292198059492346,0.0830170104829984,0.286140624722848,1.13255405573195,830,235000,0.440161507939666
"43","Cincinnati, OH-KY-IN",1700997,27035,37,0.690797808579321,0.239927524857481,0.0866744620948773,24500,0.51411907252041,0.310407954864118,0.0603163909166213,0.244121535781662,1.5893620035779,630,158744.239631336,0.391999050685606
"44","Cleveland-Elyria, OH",1737420,23562,40,0.701536761404842,0.216210242773768,0.0844643206593685,22300,0.516870417055174,0.255276214156623,0.0781768369191099,0.229579491429821,1.35614877231757,600,130000,0.500438704274099
"45","College Station-Bryan, TX",215141,4920,25,0.716678829232922,0.238885196220153,0.0927345322369981,15000,0.48906066254224,0.331447748220934,0.146420254623712,0.444843149376455,2.28687233023924,700.436241610738,176440.677966102,0.598796027910524
"46","Columbia, MO",175096,4535,30,0.7390802759629,0.332948782382236,0.134092155160598,20000,0.513364097409421,0.373600767578928,0.0820978206241148,0.367906748298076,2.59000776716773,630,175000,0.356622044691253
"47","Columbus, OH",1765795,35170,35,0.690840103182986,0.260977066986825,0.0865644086657851,25000,0.510183798232524,0.306599010643931,0.0948133843396317,0.269438977910799,1.99173743271444,700,170000,0.455341562723784
"48","Corpus Christi, TX",359093,2103,35,0.609488349814672,0.139610073156536,0.0441835401971077,20000,0.506453759889499,0.259793423987658,0.0959445046269351,0.267465531213363,0.585642159551982,750,120000,0.511320385674824
"49","Crestview-Fort Walton Beach-Destin, FL",198690,2889,36,0.70664854798933,0.208440283859278,0.0682117872062006,23000,0.488675826664653,0.683501937691882,0.107579646685792,0.273360511349338,1.45402385625849,850,2e+05,0.428769690402632
"50","Dallas-Fort Worth-Arlington, TX",6793024,135968,34,0.62031534114998,0.223683737905239,0.0733751271893048,24000,0.508543323268106,0.461796690251646,0.199870043150149,0.255271290076408,2.00158280023742,810,170000,0.670847726155407
"51","Dalton, GA",104138,171,34,0.50217019723828,0.100645297585896,0.0257830955078838,20000,0.510860588834047,0.479796039870172,0.20202999865563,0.251329966006645,0.164205189268087,528.852201257862,125000,0.532159191026363
"52","Daphne-Fairhope-Foley, AL",203771,946,42,0.712451722767224,0.218907499104387,0.0566076625231264,20000,0.515102737877323,0.466131098144486,0.0381702990121264,0.196730643712795,0.464246629795211,700,170000,0.298320116949288
"53","Davenport-Moline-Rock Island, IA-IL",318185,4726,39.6904761904762,0.699058723698477,0.201829124565897,0.0808586199852287,25000,0.508047205242233,0.373568835740214,0.0626490877948363,0.224174615396703,1.48529943271996,600,130000,0.386945490964792
"54","Dayton, OH",800700,13831,39,0.699565380292244,0.205101785937305,0.0831297614587236,22200,0.513594354939428,0.306647933058574,0.0491844635943549,0.240034969401773,1.72736355688772,600,120000,0.384993902940148
"55","Decatur, IL",107245,843,41,0.699939391113805,0.142468180334748,0.0364958739335167,20000,0.519063825819385,0.177798498764511,0.0221269056832486,0.230537554198331,0.786050631731083,492.432432432432,90000,0.383968409519183
"56","Detroit-Warren-Dearborn, MI",4214912,59483,39,0.69120707620942,0.218634695101582,0.0834567839138753,22100,0.514539093580127,0.248249073764767,0.106423336952231,0.226666891266057,1.41125129065565,700,150000,0.504305104590168
"57","Dover, DE",173819,1356,36,0.670548098884472,0.150150443852513,0.0527330153780657,22654.7619047619,0.518648709289548,0.515087533583785,0.0697046928126384,0.256076723488226,0.780121850890869,850,204967.105263158,0.538924363062476
"58","Dunn, NC",128392,1086,33,0.623761605084429,0.127126300704094,0.0478067169294037,19099.1964285714,0.504517415415291,0.453065611564583,0.0946943734812138,0.268225434606518,0.84584709327684,576.180124223602,145000,0.565253548509442
"59","Durham-Chapel Hill, NC",443333,9672,34,0.701402783009611,0.356131846715674,0.171074564717718,23000,0.524168063284258,0.525821447986051,0.161675309530308,0.309805496094358,2.18165577568103,780,210000,0.641743704012443
"60","East Stroudsburg, PA",166692,2523,41,0.69756796966861,0.187903438677321,0.0529179564706165,19951.0638297872,0.5159755717131,0.576386389268831,0.125062990425455,0.232170710052072,1.51356993736952,738.448979591837,160000,0.51051608314776
"61","El Centro, CA",180355,250,32,0.500324360289429,0.0991821685010119,0.0292367830112833,10100,0.488819273100274,0.413290454936098,0.346100745751435,0.265592858529012,0.138615508303069,610,180000,0.300480498341271
"62","El Paso, TX",835217,6145,32,0.566698235308908,0.145543014569866,0.0412180307632627,16000,0.507132876845179,0.43156688621041,0.272007155026777,0.272956608881285,0.735736940220326,650,110000,0.319656748565486
"63","Elkhart-Goshen, IN",203601,135,35,0.588744652531176,0.121016105028954,0.0416304438583308,21000,0.507310867824814,0.330297984783965,0.08471471161733,0.230323033776848,0.0663061576318387,600,125000,0.403049685469145
"64","Erie, PA",278144,1900,39,0.714996548550391,0.184720864012885,0.055762482742752,21000,0.510142228485964,0.190818424988495,0.0466305223193741,0.238610216290842,0.683099401748735,524.07960199005,120000,0.272482466042678
"65","Eugene, OR",363328,3694,38,0.737325502025718,0.215268297516294,0.0737763123128413,18396.7065868264,0.510808415536375,0.522494825612119,0.0661275761846045,0.271677382420292,1.01671217192179,760,225000,0.307373482358705
"66","Eureka-Arcata-Fortuna, CA",135055,1620,37,0.721965125319314,0.196053459701603,0.0747695383362334,18500,0.506038280700455,0.299218836770205,0.0555995705453334,0.279064085002406,1.19951131020695,826.602787456446,275000,0.416013849322122
"67","Evansville, IN-KY",181786,1378,37,0.690900289351215,0.176009153620191,0.0578977479013785,20319.0751445087,0.517911170277139,0.291931171817412,0.0343590815574357,0.253380348321653,0.758034172048453,500,120000,0.286721910857733
"68","Fargo, ND-MN",172249,4456,32,0.737745937567127,0.226967935953184,0.0607144308530093,28452.2058823529,0.501912928376943,0.452020040754954,0.0666941462650001,0.347665298492299,2.58695260930397,690,190000,0.232757656805745
"69","Fayetteville-Springdale-Rogers, AR-MO",474380,8054,33,0.643669631940638,0.208674480374383,0.0729141194822716,22500,0.507306378852397,0.541953707997808,0.130378599435052,0.273082760656014,1.69779501665332,600,160000,0.436807784190475
"70","Fayetteville, NC",324801,2598,32,0.678593969846152,0.169617704378989,0.0569733467569373,19953.0303030303,0.504989208777067,0.547255088500343,0.109771829520229,0.30771149103605,0.7998743846232,700,130000,0.658317779756394
"71","Flagstaff, AZ",139457,737,30,0.714621711351886,0.205841227044896,0.0887657127286547,15609.8591549296,0.511648751945044,0.467735574406448,0.0460643782671361,0.360390658052303,0.528478312311322,1000,2e+05,0.595519010416275
"72","Fort Collins, CO",333813,8262,35,0.762552686683862,0.325691330175877,0.120396749078077,25160.6060606061,0.497700808536516,0.608864843490218,0.0660849038233981,0.307001225236884,2.47503841971403,992.056074766355,285000,0.296837363153483
"73","Fort Wayne, IN",368939,3861,35,0.648516421413838,0.188708702522639,0.0574756260520032,23600,0.510889334009145,0.314650931454793,0.0685858637877806,0.24322720016046,1.04651446445076,570,120000,0.425596599437934
"74","Fresno, CA",973514,6001,31,0.548867299288968,0.119224787727757,0.0388664158912969,15000,0.501233675119207,0.340332034259394,0.224044030183439,0.272830180151492,0.616426676966125,750,2e+05,0.620203286438603
"75","Gadsden, AL",103007,440,41,0.647402603706544,0.129369848651063,0.0438805129748464,18200,0.511955498170027,0.174648324871125,0.0315900861106527,0.207209218790956,0.427155436038327,450,92000,0.359349403577333
"76","Gainesville, FL",260383,4546,31,0.764566043098052,0.295714389956334,0.130937887650115,16758.5798816568,0.51573643440624,0.49699097099273,0.138238671495451,0.382574899282979,1.74588970862153,730,173810.810810811,0.561217008169988
"77","Gainesville, GA",193674,1860,35.7627118644068,0.576654584507988,0.148827411010254,0.0554901535570082,20000,0.503665954129104,0.415440379193903,0.175315220421946,0.237610624038332,0.960376715511633,680,175000,0.539221418015371
"78","Goldsboro, NC",123951,361,37,0.659647764035788,0.155795435292979,0.052327129268824,19840.5172413793,0.516615436745165,0.414817145484909,0.110463005542513,0.242765286282483,0.291244120660584,531.428571428571,112267.441860465,0.596373085577794
"79","Grand Rapids-Wyoming, MI",916174,12413,34,0.679619810210724,0.219503063828487,0.0670647715390308,23000,0.508730874266242,0.239040837220877,0.0896783798710725,0.270191033580957,1.35487363754047,690,150000,0.383559607869163
"80","Green Bay, WI",258174,2787,37,0.691126914406563,0.20222795479018,0.0614004508587232,26700,0.49428292546887,0.268807083594785,0.0623997768946524,0.244590857328778,1.0795045202073,630,150000,0.319256997084744
"81","Greensboro-High Point, NC",659590,7463,37,0.668638093361027,0.207313634227323,0.0737397474188511,20300,0.521645264482481,0.382992465016146,0.098254976576358,0.246544065252657,1.13146045270547,600,150000,0.58300381241124
"82","Greenville-Anderson-Mauldin, SC",194471,1010,41,0.660406950136524,0.141419543273804,0.0434974880573453,19200,0.517799569087422,0.351574270713885,0.0328995068673478,0.201685598366852,0.519357642013462,500,135000,0.371152710320066
"83","Greenville, NC",176471,1066,31,0.701996362008489,0.189096225442141,0.0637271846365692,17100,0.526613437901978,0.340509205478521,0.0554482039541908,0.328971899065569,0.604065257181067,520,135000,0.570379692035665
"84","Gulfport-Biloxi-Pascagoula, MS",342922,1859,37,0.65788721633491,0.143589504318766,0.0567563469243735,19000,0.509981861764483,0.442867474236124,0.0649535462874939,0.241046068785321,0.542105784989006,630,130000,0.509181846291673
"85","Hagerstown-Martinsburg, MD-WV",149902,1608,40,0.678703419567451,0.145855292124188,0.0489853370868968,21655.6074766355,0.490533815426078,0.358040586516524,0.059712345398994,0.231251084041574,1.07270083120972,746.986301369863,190893.442622951,0.340957612678037
"86","Hanford-Corcoran, CA",151088,367,31,0.53550910727523,0.105958117123795,0.0279505983268029,13200,0.44215291750503,0.343243672561686,0.183621465635921,0.302783808111829,0.242904797204278,750,175000,0.599385484221312
"87","Harrisburg-Carlisle, PA",273115,4342,39,0.674334987093349,0.197587097010417,0.0676564817018472,25000,0.516639510828772,0.282181498636106,0.0881167273858997,0.231986525822456,1.58980649177087,740,150000,0.502093226799049
"88","Hartford-West Hartford-East Hartford, CT",1212693,22612,40,0.719811197063065,0.274832129813564,0.112326037999725,28360.824742268,0.51418702012793,0.416326308472136,0.173069358856693,0.23807509402627,1.8646104166512,870,240000,0.498651655871602
"89","Hickory-Lenoir-Morganton, NC",155076,1111,41,0.65164177564549,0.172889421960845,0.0597642446284402,18000,0.503985142768707,0.366310712166938,0.0787033454564214,0.207040418891382,0.716422915215765,500,125000,0.401494184556979
"90","Hilo, HI",196257,1103,41,0.706762051799426,0.201888340288499,0.0627544495228196,22754.0983606557,0.514804567480396,0.433421483055381,0.126278298353689,0.213974533392439,0.562018170052533,1000,3e+05,0.73082277214
"91","Holland, MI",114388,578,38,0.691383711578138,0.137698010280799,0.0528377102493269,24000,0.50229919222296,0.176137357065426,0.0372067000034969,0.215022554813442,0.505297758506137,560,150000,0.211348331332243
"92","Homosassa Springs, FL",141208,568,55,0.72138264121013,0.128030989745623,0.0497705512435556,18267.9310344828,0.512223103506883,0.729739108265821,0.0767024531188035,0.13952467282307,0.402243498951901,580,1e+05,0.214774556190618
"93","Houma-Thibodaux, LA",113745,581,35,0.584983955338696,0.112163172007561,0.0259176227526485,16793.9189189189,0.501762714844609,0.168719504154029,0.0572596597652644,0.243949184579542,0.510791683150908,700,130000,0.507154916520317
"94","Houston-The Woodlands-Sugar Land, TX",6460776,82580,34,0.604049885029291,0.214147650375125,0.0747281750675151,22100,0.503246978381544,0.468455027693268,0.250439575679454,0.2611653770383,1.27817463413064,810,164000,0.694695487351036
"95","Idaho Falls, ID",109994,1265,32,0.610933323635835,0.177300580031638,0.0607214938996673,19000,0.499690892230485,0.456306707638598,0.0590759495972508,0.244558794116043,1.1500627306944,614.021276595745,160000,0.287609376034911
"96","Indianapolis-Carmel-Anderson, IN",1377318,16491,35,0.654747124483961,0.207456810990635,0.0638973715583475,22000,0.514350353367922,0.300274882053382,0.0760267418272323,0.263970992900695,1.19732697895475,640,128000,0.508433287390377
"97","Iowa City, IA",143981,1803,30,0.77344927455706,0.303977608156632,0.123634368423611,23305.785123967,0.506073718060022,0.399101270306499,0.0966030240101124,0.386856599134608,1.25224856057396,721.906077348066,186209.677419355,0.352145642642359
"98","Ithaca, NY",105554,2828,30,0.843482956590939,0.350607272107168,0.181499516834985,19307.1428571429,0.513481251302651,0.462947875021316,0.141273660875002,0.434753775318794,2.67919737764557,980,195000,0.397136321349927
"99","Jackson, MI",159422,1345,40,0.70319027486796,0.153498262473184,0.0435008969903777,21458.5567010309,0.488828392568152,0.178124725571126,0.0206997779478366,0.222177616640112,0.843672767873945,600,130000,0.266393100397538
"100","Jacksonville, FL",1116318,15085,36,0.683566868938779,0.202895590682942,0.0610489125858402,22000,0.514729673802626,0.512905820742835,0.117217495373182,0.260173176460471,1.35131745613705,800,150000,0.588064215782631
"101","Jamestown-Dunkirk-Fredonia, NY",130930,367,42,0.704964484839227,0.15619796838005,0.0559917513174979,20000,0.503979225540365,0.227495608340335,0.03780646146796,0.230886733368976,0.280302451691744,459.518072289157,85000,0.224864298665723
"102","Janesville-Beloit, WI",161189,1642,39,0.694600748190013,0.167635508626519,0.0592720346921936,24200,0.515153019126615,0.295628113580952,0.0353684184404643,0.22155357995893,1.018679934735,630,135000,0.300295390004378
"103","Johnson City, TN",126727,728,40,0.715459215478943,0.210902175542702,0.075745500169656,17187.3315363881,0.506734949931743,0.426089152272207,0.0511256480465883,0.25381331523669,0.574463216204913,530,150000,0.204632878540514
"104","Johnstown, PA",136857,561,45,0.736703274220537,0.152626464119482,0.0602380587036103,19000,0.503825160569061,0.132349824999817,0.0228121323717457,0.212367653828449,0.409916920581337,450,85000,0.134148806293316
"105","Kalamazoo-Portage, MI",260577,4161,34,0.737252328486398,0.266957559569724,0.110274506192028,22000,0.510532395414791,0.264701028870545,0.0553847806982197,0.303092751854538,1.59684085702115,620,145000,0.371704258920507
"106","Kankakee, IL",111521,756,37,0.657750558190834,0.148016965414586,0.0498650478385237,20000,0.501842702271321,0.231436231741107,0.0615399790174048,0.234556720258965,0.677899229741484,700,130042.735042735,0.448189392219808
"107","Kansas City, MO-KS",1431690,29388,36,0.675472343873325,0.27123679008724,0.0971292668105526,27412.538071066,0.514016302411835,0.480342811642185,0.0882313908737227,0.243054711564654,2.0526790017392,680,160000,0.506471120362206
"108","Killeen-Temple, TX",334771,3799,30,0.650803086288836,0.160172177398879,0.0475578828512625,20000,0.502343392946223,0.530861394804209,0.144140322787816,0.307422088532161,1.13480558351829,700,130000,0.673746599267366
"109","Knoxville, TN",127028,1845,42,0.686580911295148,0.174638662342161,0.0575227508895677,22244.7826086957,0.521365368265264,0.431164782567623,0.0346852662405139,0.211803696822748,1.45243568347136,500,165000,0.165155791340433
"110","La Crosse-Onalaska, WI-MN",118507,1513,36,0.753153822137089,0.203768553756318,0.0715738310817083,21000,0.516745846236931,0.280574143299552,0.048368450808813,0.288244576269756,1.2767178310142,650,155000,0.184373210974645
"111","Lafayette-West Lafayette, IN",185629,2378,28,0.721972321135167,0.224647010973501,0.0961326085902526,19755.2184466019,0.488000258580287,0.368218327955223,0.124215505120428,0.401149604857,1.28104983596313,651.769230769231,150000,0.386388221248984
"112","Lafayette, LA",240162,767,34,0.667836710220601,0.203995636278845,0.0618207709795888,20000,0.508877341128072,0.18730690117504,0.0434206910335524,0.289995919421057,0.319367760095269,643.928571428572,167049.019607843,0.492377485707581
"113","Lakeland-Winter Haven, FL",650324,4284,40,0.646007221015986,0.140660655304125,0.0455249998462305,18000,0.510460939470172,0.54764394363425,0.155351793875053,0.221966281422798,0.658748562255122,736.098484848485,120000,0.562334001956927
"114","Lancaster, PA",537212,4396,38,0.638170778016872,0.192365397645622,0.0700673104845015,24000,0.518389388174501,0.256902303001422,0.0717891633098293,0.228591319628005,0.818298921096327,790,190000,0.307630943061394
"115","Lansing-East Lansing, MI",286188,5425,31,0.742697108194613,0.258655149761695,0.104913553328581,20000,0.503609515423428,0.272268578696521,0.0998888842299468,0.351471759822215,1.89560708345563,680,120000,0.481014890089846
"116","Laredo, TX",269521,442,28,0.453018503196411,0.0968199138471585,0.023326568245146,13000,0.51173006927104,0.332953647396678,0.281740569380494,0.258881497174617,0.163994642346979,600,115000,0.0924960248202962
"117","Las Cruces, NM",214429,1557,32,0.605440495455372,0.160052977908772,0.0713149807162277,14400,0.503593263970825,0.612496444044416,0.188094893880958,0.277383189773771,0.726114471456753,596.478873239437,150000,0.469049627944608
"118","Las Vegas-Henderson-Paradise, NV",2114886,18640,36,0.648534247236021,0.162120322324702,0.0528808645004979,21300,0.501362248367051,0.757609157183886,0.241146804130341,0.250087711583509,0.881371383611221,850,2e+05,0.687195125605504
"119","Lawrence, KS",118048,2178,29.3666666666667,0.771110056925996,0.301512943887232,0.139824478178368,20000,0.496264231499051,0.449164746543779,0.0982820547573868,0.398363377609108,1.84501219842776,700,175000,0.372167550166452
"120","Lebanon, PA",137274,958,41,0.660197852470242,0.126418695455804,0.0484942523711701,24964.3010752688,0.513112461208969,0.206761659163425,0.0651980710112621,0.210542418812011,0.697874324344013,649.323394495413,155000,0.286294895017642
"121","Lewiston-Auburn, ME",106892,651,39.5432098765432,0.67985443251132,0.172809939003854,0.0663473412416271,21756.6761363636,0.51616584964263,0.229465254649553,0.0489559555439135,0.223496613404184,0.609025932717135,650,147127.272727273,0.168543824874253
"122","Lexington-Fayette, KY",314689,4432,34,0.718449008386057,0.284045517955823,0.118339058562581,22200,0.510535798836311,0.404621705874689,0.0993679474020382,0.310837048641675,1.40837461747948,650,165000,0.45432066040458
"123","Lima, OH",104203,606,39,0.694452175081332,0.137078586988858,0.0606604416379567,20000,0.501261959828412,0.199591182595511,0.0168421254666372,0.238995038530561,0.581557152865081,480,110000,0.326309046224366
"124","Lincoln, NE",306502,3879,32,0.724070316017514,0.254536675127732,0.0893142622234113,24000,0.505543193845391,0.374685972685333,0.0864105291319469,0.318829893442783,1.2655708608753,639.242424242424,160000,0.314735078066954
"125","Little Rock-North Little Rock-Conway, AR",509891,5593,36,0.672239753202155,0.221317889509719,0.0821861927353101,22000,0.521527149920277,0.337372105018524,0.0566532847216366,0.254289642296099,1.09690110239247,640,150000,0.541187587882242
"126","Longview, TX",124135,135,36,0.61504813308092,0.142578644217988,0.0432432432432432,20000,0.517186933580376,0.304893865549603,0.0886293148588231,0.235936681838321,0.108752567768961,650,127000,0.585072830429558
"127","Los Angeles-Long Beach-Anaheim, CA",13342144,170845,36,0.626873686867718,0.231672885557224,0.0783089284600736,20000,0.507413950861271,0.491842465498798,0.349906057077483,0.26898532949427,1.28049135131505,1200,5e+05,0.677389750802144
"128","Louisville/Jefferson County, KY-IN",879444,11799,38,0.696583295809625,0.226308895165582,0.0902865901637853,24000,0.515840690254297,0.345485329367191,0.0778582831880142,0.241176243171822,1.34164312906791,630,150000,0.460142275240595
"129","Lubbock, TX",299853,3128,30,0.654377311549326,0.172844693900011,0.0619203409670739,18500,0.509989895048574,0.265183273137171,0.0679933167251953,0.340743631045879,1.04317782380033,670,125000,0.579331442627407
"130","Macon-Bibb County, GA",154207,388,35,0.640424883435901,0.172573229490231,0.0694910088387687,15951.0080645161,0.536279157236701,0.26094794659127,0.0433637902300155,0.253976797421648,0.251609849098938,540,110000,0.545659243898342
"131","Madera, CA",154139,627,33.4815668202765,0.528114234554525,0.0955111944413808,0.0281628919352013,16254.2980501393,0.519693263872219,0.332758094966232,0.203673307858491,0.256288155496013,0.406775702450386,800,225000,0.5530860349341
"132","Madison, WI",523793,20891,35,0.757955910063708,0.369048459983238,0.129826095423192,30000,0.502043746289087,0.40966565036188,0.104972765959072,0.299702363338189,3.98840763431356,850,230000,0.34441522297274
"133","Mansfield, OH",121727,74,40,0.666458550691301,0.100273562972882,0.0298947645140355,19200,0.49841037731974,0.196850329014927,0.0125937548777182,0.224625596621949,0.0607917717515424,480,96397.7272727273,0.256829776660608
"134","McAllen-Edinburg-Mission, TX",842623,2707,29,0.431125188844833,0.100640499962617,0.0298259126560751,11000,0.513755261843078,0.384726028128831,0.291386539413237,0.256787436374274,0.321258736113303,550,80000,0.162350053006113
"135","Medford, OR",212335,1649,42,0.703477994678221,0.185880801563567,0.0691454541173146,20000,0.513801304542351,0.589328184237172,0.0573292203357901,0.220298113829562,0.776603009395531,730,240000,0.319170322057794
"136","Memphis, TN-MS-AR",1111005,13782,35,0.654296785343,0.195976615766806,0.0731202829870253,20000,0.52276092366821,0.428762246794569,0.0670285012218667,0.254037560587036,1.24049846760366,650,140000,0.59099475523587
"137","Merced, CA",268553,328,30,0.49849750328613,0.0903061965422095,0.0305675229842899,15000,0.497674574478781,0.360144924837928,0.264350053806884,0.27155533544589,0.122136040185736,706.827586206897,2e+05,0.570355089426012
"138","Miami-Fort Lauderdale-West Palm Beach, FL",3319110,33395,41,0.69831039043599,0.24743621030939,0.086971808707756,22000,0.515109773403111,0.681696599389595,0.324588820497061,0.219051191433848,1.00614321309026,1100,225000,0.668124788658859
"139","Michigan City-La Porte, IN",110774,344,40,0.662908263671981,0.132774838861105,0.0563128531965985,17738.0952380952,0.489456009532923,0.292974885803528,0.0311174102226154,0.225179193673606,0.310542184989257,529.010989010989,120000,0.346368500551264
"140","Midland, TX",161029,1152,31,0.607958814871855,0.163709642362556,0.0459979258394451,29000,0.492861534257804,0.325717727862683,0.146060647461016,0.294077464307671,0.715399089604978,1100,2e+05,0.582805042489649
"141","Milwaukee-Waukesha-West Allis, WI",1354604,19249,37,0.683273488045215,0.237442824618855,0.0796085055115739,25000,0.514576953855149,0.297352584223877,0.0917618728425429,0.249963088843677,1.42100569612964,700,190000,0.549620872532902
"142","Minneapolis-St. Paul-Bloomington, MN-WI",2903798,78038,36,0.708582690669255,0.307879886961834,0.105362012095883,30000,0.505702531649929,0.376895706932783,0.126426838230483,0.252731078401459,2.68744588983118,900,225000,0.437473475458036
"143","Mobile, AL",415090,3114,37,0.652971644703558,0.160977137488256,0.042696764557084,18000,0.525512539449276,0.268235804283408,0.0406827435014093,0.244108506588933,0.750198752077863,600,120000,0.54391933365092
"144","Modesto, CA",538021,1442,33,0.574172755338546,0.102345447482533,0.0333871726196561,17000,0.500789002659747,0.327031844481907,0.212865297079482,0.256973240821455,0.26801927805792,820,238408,0.605809919327748
"145","Monroe, LA",157118,1747,34.6056338028169,0.63204725111063,0.186579513486679,0.0659886200180756,14291.2037037037,0.526629666874578,0.1959291742512,0.019227586909202,0.261402258175384,1.11190315559007,495.959595959596,120000,0.516499269152644
"146","Monroe, MI",149419,468,42,0.698518929988823,0.134099411721401,0.046466647481244,24488.2096069869,0.510115848720712,0.382682255938,0.0246822693231784,0.204364906738768,0.313213179046841,635.652173913043,140000,0.158108890319447
"147","Muncie, IN",116910,451,35,0.736857411684201,0.154768625438371,0.0588486870242067,15155.9782608696,0.527243178513386,0.207390300230947,0.0144127961679925,0.307664015054315,0.385766829184843,530,85000,0.238662208996828
"148","Muskegon, MI",173208,1380,39,0.680950071590227,0.129659138146044,0.036332040090527,19000,0.502101519560297,0.173542792480717,0.0223661724631657,0.233089695626068,0.796729943189691,500,1e+05,0.38960816304302
"149","Myrtle Beach-Conway-North Myrtle Beach, SC-NC",432153,2397,46,0.728665542064963,0.195372935048467,0.0676450238688613,20000,0.513079858290929,0.597376392157407,0.0664741422598015,0.197263469187996,0.554664667374749,700,175000,0.371509477411783
"150","Napa, CA",142162,814,39,0.676917882415836,0.242638679815985,0.0757094019498881,28000,0.50557814324503,0.421209605942516,0.234753309604536,0.236547037886355,0.572586204470956,1400,5e+05,0.599408489255601
"151","Naples-Immokalee-Marco Island, FL",357170,2202,49,0.705753562729233,0.277954475459865,0.105885152728393,23000,0.506929473360025,0.776386594618809,0.247632779908727,0.179141585239522,0.61651314500098,1000,3e+05,0.514091242816421
"152","Nashville-Davidson--Murfreesboro--Franklin, TN",1493733,22552,35,0.691163681862823,0.265628462382501,0.0917339310305122,25000,0.513590447556558,0.476243746372344,0.101666763738901,0.264600835624573,1.50977450454666,800,2e+05,0.478093944353761
"153","New Bern, NC",103457,443,36,0.711368007964662,0.169210396589888,0.0587587113486763,23000,0.503503871173531,0.497810684632263,0.0463477580057415,0.27290565162338,0.428197222034275,683.963730569948,150000,0.50193641148388
"154","New Haven-Milford, CT",858244,12786,40,0.712658637869883,0.253574740982751,0.112689398352916,26339.1304347826,0.51633917627155,0.389469661308439,0.165290989508811,0.246549932187117,1.48978612142934,880,240000,0.54141757616693
"155","New Orleans-Metairie, LA",638758,4928,37,0.679316736541852,0.250461050977052,0.098099749827008,20000,0.520959424382943,0.289622987109359,0.0544008842159315,0.263846401923733,0.771497186727994,800,2e+05,0.58696756235081
"156","New York-Newark-Jersey City, NY-NJ-PA",19051133,291507,37,0.673057240217682,0.279240242561952,0.108499741196495,24000,0.516005111087094,0.458180151280241,0.320359371802191,0.255181410995346,1.53012946789044,1200,4e+05,0.688707405106979
"157","Niles-Benton Harbor, MI",154552,1539,41,0.698586883379057,0.206480666701175,0.0894844453646669,20407.0652173913,0.515257000879963,0.41816346601791,0.0812024431906413,0.211676329002536,0.995781355142606,540,130200,0.410403734232639
"158","North Port-Sarasota-Bradenton, FL",770618,8432,51,0.746861609772935,0.246572231637465,0.0959554539343748,23500,0.525380928034383,0.731503806036194,0.141341105450431,0.167526582561009,1.09418674362654,900,2e+05,0.37265419475828
"159","Norwich-New London, CT",272385,3036,40,0.730756098904125,0.23623547552178,0.0980597316298621,26122.5806451613,0.493151238137196,0.483734420030472,0.113398314885181,0.244213154175156,1.11459882152101,880,230000,0.408181707725998
"160","Ocala, FL",343055,2953,49,0.708854265351037,0.147139671481249,0.0494672865866989,19000,0.515380915596624,0.617644401043564,0.0950576438180467,0.184984914955328,0.860794916267071,600,120000,0.452724843221554
"161","Odessa, TX",159611,632,30,0.560675642656208,0.102110756777415,0.0256749221544881,21118.9655172414,0.491081441755267,0.307253259487128,0.137214853612846,0.286897519594514,0.395962684276146,800,120000,0.533802720432735
"162","Ogden-Clearfield, UT",578909,8888,30,0.628456285875673,0.183790543936957,0.0495777401975095,23400,0.497366598204554,0.338443520484221,0.0724673480633398,0.258294481516093,1.53530174863407,750,215000,0.326962103976004
"163","Ogdensburg-Massena, NY",111302,341,38,0.711640401789725,0.155594688325457,0.0656412283696609,17400,0.491410756320641,0.192170850478877,0.0514905392535624,0.270812743706313,0.306373650069181,588.202247191011,85000,0.155124823902431
"164","Oklahoma City, OK",1185769,13381,34,0.657310150627989,0.214959237423141,0.0773869109413385,22000,0.508290400575491,0.402380227514803,0.102661648263701,0.275271996484981,1.12846599970146,650,150000,0.566887316878221
"165","Olympia-Tumwater, WA",269711,4500,39,0.715821749947166,0.227599170964477,0.0866260552962245,25928.0701754386,0.509949538580184,0.505288994516353,0.110140112935698,0.239511922020236,1.66845252881788,900,240000,0.412354598853617
"166","Omaha-Council Bluffs, NE-IA",726026,14728,34,0.673047521714098,0.254939905733403,0.0827559894549231,28800,0.50342136507508,0.408416502990251,0.0983504722971354,0.26276882646076,2.02857748896045,716.9,154447.115384615,0.44228976739543
"167","Orlando-Kissimmee-Sanford, FL",2060121,30573,35,0.691616657468178,0.221307874634548,0.0691017663525589,20000,0.511110269736583,0.664260497320303,0.293268696353272,0.279190882477291,1.48403904430856,900,180000,0.66907344450715
"168","Oshkosh-Neenah, WI",169526,1667,37,0.715424182721235,0.18233781248894,0.0513490556020905,24200,0.500755046423558,0.234854830527471,0.0437514009650437,0.274748416172151,0.983329990679896,600,140000,0.198865003104042
"169","Ottawa-Peru, IL",110942,226,41,0.689044726073083,0.125606172594689,0.046078130915253,21521.6216216216,0.492428476140686,0.156847722233239,0.0349281606605253,0.220250220836113,0.203710046691064,590,135000,0.24534914115632
"170","Oxnard-Thousand Oaks-Ventura, CA",850494,11242,37,0.633166136386618,0.220933951327111,0.0793162561993383,24000,0.507559136219656,0.421234012232891,0.243300952152514,0.244520243529055,1.32182002459747,1500,5e+05,0.602787973818161
"171","Palm Bay-Melbourne-Titusville, FL",568140,7372,47,0.738358503185835,0.212083289330095,0.0843471679515612,21000,0.511065934452776,0.665307846657514,0.11944415108952,0.200496356531841,1.29756750096807,800,150000,0.413040445292315
"172","Pensacola-Ferry Pass-Brent, FL",477224,3670,38,0.714016897725177,0.188869377902201,0.0602526276968468,21600,0.496676613078973,0.564288468308384,0.0720081135902637,0.267541028950765,0.769030895344744,710,140000,0.461943292405449
"173","Peoria, IL",321736,4506,38,0.697920033816545,0.206573090981426,0.0748657284233036,25000.2265625,0.515860829997265,0.224165154039337,0.0441262401472014,0.232184150980928,1.40052714026407,600,130000,0.339866947045853
"174","Philadelphia-Camden-Wilmington, PA-NJ-DE-MD",6004656,103482,38,0.700744389020787,0.262700311225156,0.100490352819545,25000,0.517558874313533,0.370960468010157,0.124681413889488,0.246954863026292,1.72336267056764,880,235000,0.557532252395907
"175","Phoenix-Mesa-Scottsdale, AZ",4168340,68976,36,0.65047189048878,0.212652278844816,0.0742425042103091,22700,0.506350489643359,0.612979027622507,0.159984550204638,0.249802799195843,1.65475944860544,830,220000,0.583338998133799
"176","Pittsburgh, PA",1906016,31696,42,0.751635872941255,0.262803145409063,0.105241508990481,24000,0.514140489901449,0.195354603529036,0.0525556973288787,0.233819128485805,1.66294511693501,620,140000,0.279739086661774
"177","Pittsfield, MA",128585,1198,46,0.740654042073337,0.249593654003189,0.0986351440681261,23000,0.514352373916087,0.364933701442625,0.0737955438037096,0.21762258428277,0.931679433837539,700,2e+05,0.199900511501767
"178","Port St. Lucie, FL",454750,2256,46,0.686119846069269,0.181284222100055,0.0667179769103903,20000,0.517625068719076,0.65101264431006,0.168387025838373,0.191069818581638,0.496096756459593,840,150000,0.518085073144902
"179","Portland-Vancouver-Hillsboro, OR-WA",2224942,42488,37,0.704515892998559,0.278454449599136,0.100092946243093,25000,0.5054293550124,0.577166955363331,0.141369977284801,0.251655548773856,1.90962281263961,950,3e+05,0.435300559437251
"180","Pottsville, PA",144857,410,44,0.719488875235577,0.115603664303416,0.0443609904940735,20900,0.493583327005253,0.12381866254306,0.016388576320095,0.196248714249225,0.283037754475103,500,88142.8571428571,0.156966780717367
"181","Prescott, AZ",222047,2797,51.0395833333333,0.747260715073836,0.198250820772179,0.0734258963192477,20500,0.509396659265831,0.711732200840363,0.0652609582655924,0.157601768994852,1.25964322868582,700,2e+05,0.328488118462659
"182","Providence-Warwick, RI-MA",924698,11024,39,0.698608626816539,0.226003516823871,0.0876221209519216,24000,0.517030425068509,0.414660786548689,0.168890816244871,0.262433789193877,1.19217301216181,800,220000,0.462936585292078
"183","Provo-Orem, UT",575320,15450,24,0.606498991865397,0.199838350830842,0.0601560870472085,15565.5652173913,0.495244385733157,0.388816658555239,0.0810835708822916,0.31940659111451,2.68546200375443,800,250000,0.297343191433224
"184","Punta Gorda, FL",172761,725,57,0.794432771285186,0.168382910494845,0.0618716029659472,20000,0.514317467483981,0.785999154901859,0.132738291628319,0.129433147527509,0.419654898964465,779.83870967742,161565.656565657,0.27904769684116
"185","Racine, WI",195084,1440,39,0.685397059728117,0.158039613704866,0.047548748231531,24000,0.502091406778618,0.268996944905784,0.0351592134670193,0.218608394332698,0.738143568924156,697.722007722008,160000,0.441867573083187
"186","Raleigh, NC",1209514,42795,36,0.678530384931468,0.312100562705351,0.109033049638119,27000,0.51179895396002,0.533911967947457,0.136046378958821,0.249252178974365,3.53819798696005,830,225000,0.565302494203466
"187","Reading, PA",415334,4560,39,0.66786730679405,0.176662637780678,0.0651860911940751,22800,0.508277675316733,0.26596666779026,0.110458089152345,0.234322256304565,1.09791156033457,700,167300.000000001,0.422292059538637
"188","Redding, CA",178783,934,42,0.704149723407707,0.161458304201182,0.063003753153264,18000,0.510641392078665,0.298199493240409,0.059121952310902,0.219724470447414,0.522421035557072,750,225000,0.342044078204356
"189","Reno, NV",446968,5392,38,0.681214315118756,0.211453616366272,0.0823526516439656,24500,0.497129548424048,0.671873601689606,0.151189794347694,0.250485493368653,1.20635034275384,790,250000,0.534501902141978
"190","Richmond, VA",880431,18357,36,0.701454174148798,0.28225494104592,0.105443811042546,27000,0.525914012568844,0.420625807133097,0.107606388234853,0.264438666971063,2.08500155037703,880,215000,0.601543009330593
"191","Riverside-San Bernardino-Ontario, CA",4490854,33921,34,0.596975319170919,0.132928391793632,0.0458462911508591,17000,0.502948659653598,0.390405922793304,0.230352178004451,0.262218722764089,0.755335176783748,1000,3e+05,0.628707328661801
"192","Rochester, MN",151453,2394,36,0.688807748938615,0.3160518444666,0.149683400130734,30000,0.518715377047665,0.432999016196444,0.112945930420659,0.242075099205694,1.58068839838102,749.701492537313,175000,0.32932175336265
"193","Rochester, NY",750191,15102,38,0.70874084066591,0.26205726275042,0.106851455162752,25000,0.515792644806456,0.255850843318568,0.115170669869407,0.256234745551466,2.013087333759,737.077922077922,140000,0.463521141762081
"194","Roseburg, OR",107079,1583,47,0.712679423603134,0.114999206193558,0.0424452973972488,18600,0.508895301599753,0.540358053399826,0.0321911859468243,0.204531233948767,1.47834776193278,560,160000,0.217856229970773
"195","Sacramento--Roseville--Arden-Arcade, CA",2276103,39780,37,0.680610675351687,0.223364232637978,0.0742457612858469,21400,0.509945288064732,0.389549594196748,0.196332503406041,0.251938950038728,1.74772407048363,950,325000,0.645255093633172
"196","Saginaw, MI",193614,1731,40,0.703518340615865,0.136255642670468,0.0400952410466185,18636.1344537815,0.515422438460029,0.149431342774799,0.0343776793000506,0.230334583242947,0.894046918094766,600,89036.5853658537,0.4744806034463
"197","Salem, OH",104796,697,44,0.675970456887667,0.107055612809649,0.0257070880567961,18678.375,0.509284705523112,0.249246154433375,0.0122714607427764,0.195455933432574,0.66510172143975,400,1e+05,0.111253977364606
"198","Salem, OR",330938,4207,36,0.63754237953937,0.149704778538578,0.0469090887114807,20000,0.502239090101469,0.46826293746865,0.14373084988729,0.242701049743456,1.27123509539551,700,190000,0.488404795365075
"199","Salisbury, MD-DE",215761,1208,48,0.690402806809386,0.201139223492661,0.0813585402366507,24400,0.518045429896969,0.619996199498519,0.0793655943381797,0.174660851590417,0.559878754733246,800,230000,0.42110164967804
"200","Salt Lake City, UT",1107424,20769,32,0.642972339411102,0.210732294044557,0.0707913138960326,24000,0.495562675181322,0.397299498656341,0.13264567139596,0.28041924321669,1.87543343832173,850,250000,0.443978540138723
"201","San Angelo, TX",117751,1009,33,0.646329967473737,0.171905121824868,0.0522967957809276,20000,0.501660283139846,0.302944348667952,0.0989545736341942,0.295844621277102,0.856892935091846,680,113688.524590164,0.55496734707361
"202","San Antonio-New Braunfels, TX",2175948,30147,34,0.62708345971503,0.178699123324638,0.0612431914733257,20000,0.508652320735606,0.365729328090561,0.14461558824016,0.268041791439869,1.38546509383496,756.290322580646,150000,0.574311573649249
"203","San Diego-Carlsbad, CA",3299170,58903,35,0.68224432205676,0.259733811837523,0.0974163198622684,22200,0.498154687391071,0.51563635702313,0.261833127726064,0.287053410403223,1.78538844618495,1300,475000,0.659404235987251
"204","San Francisco-Oakland-Hayward, CA",4656199,164574,38,0.707027126632689,0.354305088764462,0.136603053262973,30000,0.507557559288166,0.515517914934478,0.324769194787422,0.255496597117091,3.53451388138694,1500,7e+05,0.71504878174637
"205","San Jose-Sunnyvale-Santa Clara, CA",1916862,114373,37,0.67734610003224,0.353994705930839,0.160662582908942,30000,0.496867797473162,0.546244330577788,0.400492575887049,0.255370496154653,5.96667887411822,1800,8e+05,0.701148744060736
"206","San Luis Obispo-Paso Robles-Arroyo Grande, CA",281240,3781,38,0.742774854217039,0.221390982790499,0.0810339923197269,22000,0.492412174655099,0.351258711420851,0.108963874271085,0.282317593514436,1.34440335656379,1200,495000,0.47111114240082
"207","Santa Cruz-Watsonville, CA",275158,5124,36,0.67986756699787,0.259985172155634,0.0962174459764935,20000,0.503815989358841,0.381013817515755,0.189422077497292,0.294877851997761,1.86220280711446,1400,650000,0.557074714637816
"208","Santa Fe, NM",148840,1351,45,0.717112335393711,0.304582101585595,0.154528352593389,25000,0.517811072292395,0.54201827465735,0.122480515990325,0.199576726686375,0.907686105885515,800,274372.759856631,0.553522938494671
"209","Santa Maria-Santa Barbara, CA",444239,5206,34,0.641298940435216,0.220223798450834,0.0815371905663393,20300,0.498607731423851,0.438426162493613,0.232419936115469,0.302425045977503,1.17189170694153,1300,5e+05,0.589633596563152
"210","Santa Rosa, CA",502191,5604,41,0.696631361374457,0.240394590902665,0.0846391114137848,27000,0.509756248120735,0.396124183826472,0.185329884446356,0.231911762656041,1.11591008202059,1200,5e+05,0.518642864490736
"211","Savannah, GA",286763,3653,34,0.691776833133982,0.222842556396746,0.0774890763452747,20000,0.519345243284524,0.441674832527209,0.0866604129542514,0.293500207488414,1.27387424458525,800,170000,0.600900116963333
"212","Seattle-Tacoma-Bellevue, WA",3735393,126339,37,0.719752914887403,0.297356128257455,0.103938461093652,30000,0.500338518597642,0.551715441989638,0.200753173762439,0.263899139929855,3.38221440153687,1100,350000,0.543486529525184
"213","Sebastian-Vero Beach, FL",147853,963,52,0.737293122222748,0.201111915213083,0.0978877669036137,20734.2342342342,0.530648684842377,0.635523120937688,0.101790291708657,0.174457062081933,0.651322597444759,769.313725490196,160000,0.398804077943854
"214","Sheboygan, WI",115119,451,42,0.701430693456336,0.185538442828725,0.0571669316098993,26000,0.500846949678159,0.212197812698165,0.0705183332030334,0.210330180074532,0.39176851779463,535,140000,0.27453025491871
"215","Shreveport-Bossier City, LA",252467,1048,37,0.651146486471499,0.158543492812922,0.0538050517493375,17500,0.527680845417421,0.222385499887114,0.0338262030285146,0.244067541500473,0.415103756134465,580,140230.158730159,0.553592500816216
"216","South Bend-Mishawaka, IN-MI",269056,2494,36,0.660405268791627,0.191488017364415,0.0693275749286394,20282.5862068966,0.515405714795433,0.340516472407231,0.0679189462416746,0.257307029019981,0.92694457659372,590,120000,0.431330218080708
"217","Spartanburg, SC",297546,2090,38,0.632070335343107,0.158896439542121,0.04582820807539,19203.0612244898,0.520275856506221,0.344860962674679,0.0764083536663239,0.235123308664879,0.70241240009948,500,130000,0.482875420210262
"218","Spokane-Spokane Valley, WA",490155,4996,37,0.718287072456672,0.198649406820292,0.0747375830094562,20595.6363636364,0.503328538931562,0.461480552070264,0.0745335659128235,0.263188175169079,1.01926941477696,690,190000,0.271224893346616
"219","Springfield, IL",198801,3297,39,0.689966348257806,0.246190914532623,0.0791696218831897,25100,0.520761967998149,0.210693105165467,0.035568231548131,0.226025019994869,1.65844236195995,580,125000,0.338044737364691
"220","Springfield, OH",135579,955,40,0.66859911933264,0.132299249883832,0.0528695446934997,22243.5053380783,0.51398077873417,0.21352864381652,0.0127895913083885,0.204898988781448,0.704386372520818,550,1e+05,0.283860859698484
"221","St. Cloud, MN",154130,1951,34,0.704917926425744,0.185408421462402,0.0488678388373451,26535.8208955224,0.500979692467398,0.214468305975475,0.0707130344514371,0.289437487834945,1.26581457211445,655.75,165892.857142857,0.208012677642644
"222","St. George, UT",155824,651,36,0.668151247561351,0.161772255878427,0.0736985316767635,21105.1094890511,0.503773488037786,0.473694681178766,0.0523346852859637,0.224387770818359,0.417779032754903,838.274456521739,230000,0.269704092487373
"223","St. Louis, MO-IL",2561726,49563,38,0.703948041281542,0.241519584842407,0.0943812882408189,25000,0.517586580297815,0.311896744616715,0.0563885442861571,0.237939967037849,1.93475024260987,650,160000,0.437297181937868
"224","State College, PA",160978,3879,31,0.799146467219123,0.279112673781511,0.112065002671172,20000,0.46779684180447,0.340903725974978,0.104604355874716,0.408583781634758,2.40964603858912,830,189000,0.277608610973248
"225","Stockton-Lodi, CA",726209,4548,34,0.576982659262003,0.119062143267296,0.0376861206622336,16573.2307692308,0.501783921708489,0.371846121433361,0.258928214880289,0.252497559242587,0.626265992296983,850,270000,0.694130911701833
"226","Syracuse, NY",119846,523,40,0.689726816080637,0.107971897268161,0.0399178946314437,20900,0.497455067336415,0.129499524389633,0.0290289204479081,0.241259616507852,0.436393371493417,550,1e+05,0.110841262385165
"227","Tallahassee, FL",286605,7576,30,0.759976273965911,0.284628670120898,0.112768444374662,18000,0.525922436803266,0.446698417682874,0.0906369393416026,0.385956281293069,2.64335932729715,750,175000,0.573894469170568
"228","Tampa-St. Petersburg-Clearwater, FL",2975023,41740,42,0.706688990303604,0.215897154408554,0.0747318592158783,21459.2741935484,0.517191295663933,0.642215203042128,0.164959733084416,0.22515926767625,1.4030143632503,820,160000,0.53782294489276
"229","Terre Haute, IN",108508,1021,35,0.668254875216574,0.178291001585137,0.0637833155159067,14400,0.492055885280348,0.283803959155085,0.0179710251778671,0.30345228001622,0.940944446492424,499.761904761905,75000,0.260842208008919
"230","Torrington, CT",183619,1303,46,0.7407022149124,0.266797009024121,0.107173004972252,30000,0.503847641039326,0.353133390335423,0.0966838943682299,0.179654610906279,0.709621553325092,800,240000,0.194422924823294
"231","Trenton, NJ",370588,12258,38,0.689709326799573,0.271919220266172,0.131126749921746,23503.1746031746,0.506789210659816,0.47929506621909,0.245652854382765,0.249376666270899,3.30771638585167,1000,275000,0.66178721309627
"232","Tucson, AZ",1009377,11959,38,0.680827876997395,0.217748175359653,0.0852912241907632,19902.6595744681,0.509555894378414,0.579482195453235,0.147038222586804,0.25547342568733,1.18479022208749,690,160000,0.584681700263297
"233","Tyler, TX",222951,1298,35,0.631488533354863,0.175666402034528,0.0567344394059681,19777.8625954199,0.52041031437401,0.282528447954932,0.0577167180232428,0.251952222685702,0.582190705581047,700,140000,0.569076488150162
"234","Urban Honolulu, HI",998556,10520,36,0.718357307952684,0.236682769919764,0.0758274949026394,28000,0.492371985146552,0.473643941852034,0.229627582228738,0.274095794327008,1.05352128473516,1500,6e+05,0.686409733322189
"235","Valdosta, GA",112574,1028,30,0.628404427310036,0.14472258247908,0.0516104962069394,12183.7581699346,0.522092134951232,0.32620320855615,0.0465116279069767,0.329241210226162,0.913177110167534,550,130000,0.565840764422979
"236","Vallejo-Fairfield, CA",435920,4700,37,0.675293631859057,0.191308038172142,0.0510047715177097,24000,0.50584052119655,0.432744540282621,0.226431455312901,0.256145623050101,1.07817948247385,1200,345000,0.735823119737211
"237","Virginia Beach-Norfolk-Newport News, VA-NC",1006872,15331,35,0.710946376500687,0.206087764879746,0.0682768018179073,26000,0.512421638500226,0.534211895851707,0.0984007897726821,0.283039949467261,1.52263644236805,947.558139534884,230000,0.604166529099881
"238","Visalia-Porterville, CA",459902,2024,30,0.499610786645851,0.092284878082722,0.0243551887141174,13762.2317596567,0.498519249753208,0.320000782775461,0.222543063522229,0.260116285643463,0.440093759105201,700,176460.755813953,0.506620617898513
"239","Waco, TX",246098,2322,33,0.647299043470487,0.162601890303863,0.0527513429609343,18000,0.517204528277353,0.275772253329974,0.0997082463083812,0.295971523539403,0.943526562588887,650,123000,0.590370172183602
"240","Washington-Arlington-Alexandria, DC-VA-MD-WV",3780523,121278,36,0.701644190499568,0.368529169112316,0.177053809750661,35000,0.516927684344203,0.701891246264075,0.24953637367105,0.272230588201685,3.20796884452231,1400,380000,0.703098085605216
"241","Waterloo-Cedar Falls, IA",133576,858,34,0.720922920285081,0.194533449122597,0.0687997843924058,21100,0.520235671078637,0.247881355932203,0.0511618853686291,0.306888962088998,0.642330957657064,549.965635738832,136487.5,0.308359402540069
"242","Wausau, WI",136088,1499,41,0.69109693727588,0.159132326141908,0.0465728058315208,26066.6666666667,0.490138733760508,0.214868320498501,0.058337252366116,0.198717006642761,1.10149315149021,595.6,148434.146341463,0.202799229949972
"243","Whitewater-Elkhorn, WI",103014,758,38,0.70115712427437,0.178111712971052,0.0647678956258373,25000,0.506018599413672,0.420156483584755,0.065340633311977,0.254353777156503,0.735822315413439,735.3125,180000,0.257870682666466
"244","Wichita Falls, TX",132840,958,34,0.666553748870822,0.150459199036435,0.0497892201144234,17000,0.472041553748871,0.372877145438121,0.0869316470942487,0.30195724179464,0.721168322794339,580,95000,0.517965090301142
"245","Winston-Salem, NC",533476,5890,39,0.664775922440747,0.214577600491868,0.0740801835509001,21000,0.522778906642473,0.380395744138443,0.0889262122382263,0.230664547233615,1.1040796586913,530,142000,0.529553503941122
"246","Wooster, OH",116202,794,39,0.61230443537977,0.146012977401422,0.0498442367601246,22702.5,0.501480181064009,0.160315657217604,0.0176072700986214,0.223765511781209,0.683292886525189,530,130000,0.115302922637712
"247","Worcester, MA-CT",116677,2271,39.7167832167832,0.70047224388697,0.175630158471678,0.0652742185692124,28000,0.505746633869572,0.431121814924964,0.0988198188160477,0.247795195282704,1.94639903322849,780,199000,0.28970167108028
"248","Yakima, WA",249103,570,32,0.511053660533996,0.0917532105193434,0.0360774458758024,18000,0.498303914445029,0.377767429537179,0.183462262598202,0.242646616058418,0.228821009783102,626.984924623116,150000,0.567804335101033
"249","York-Hanover, PA",443261,4122,40,0.693126622915167,0.150816336199214,0.0508774739938772,25000,0.505927658873666,0.329433448916101,0.0542186206320881,0.220599150387695,0.929926160884896,700,160000,0.284984508257234
"250","Youngstown-Warren-Boardman, OH-PA",113929,359,44,0.699997366781065,0.181551668144195,0.0547007346680828,20039.2731958763,0.501794977573752,0.225842410624161,0.0203635597609037,0.196341581160196,0.315108532507088,480,120000,0.184010357500077
"251","Yuma, AZ",204777,366,34.3530405405406,0.542687899519966,0.103615152092276,0.035335999648398,15660,0.485069123973884,0.632995893093463,0.273458445040214,0.260136636438663,0.178731009830206,600,120000,0.509823935023074
